title,company,location,link
Python Developer,Agama Solutions,"Remote in San Francisco, CA+1 location",https://www.indeed.com/viewjob?jk=f6a64372a5851eec
Python Engineer,Piper Companies,+10 locationsRemote,https://www.indeed.com/viewjob?jk=a0bce9763d3829ca
Software Development (All Levels),Insurity,Remote,https://www.indeed.com/viewjob?jk=676599852a737304
Software Development (All Levels),Instec Corp,Remote,https://www.indeed.com/viewjob?jk=a9ef10d383bd5360
Data Analyst + Apprentice (Entry-Level),New Apprenticeship,"Raleigh, NC 27617 (Northwest Raleigh area)+5 locations",https://www.indeed.com/viewjob?jk=ff09b68e0d18d36e
Business Analyst (Entry Level),Agama Solutions,+5 locationsRemote,https://www.indeed.com/viewjob?jk=7a2f9cc2cc982a1e
Python Engineer,HealthVerity,Remote,https://www.indeed.com/viewjob?jk=250924f874741688
CSS & HTML Developer,Humanity,"Remote in Myrtle Point, OR 97458",https://www.indeed.com/viewjob?jk=cceee5b57c71a193
Python Developer,Paktolus,Remote,https://www.indeed.com/viewjob?jk=df1cce3cc988f374
Data Analyst - Tiktok Ads,TikTok,"Seattle, WA+20 locations",https://www.indeed.com/viewjob?jk=ea2bf81d89f746f0
Software Engineering - AWS PostGres/ Python,"JPMorgan Chase Bank, N.A.","New York, NY+101 locations",https://www.indeed.com/viewjob?jk=f59d4455003bcae1
"SDE I - S&I (Pooling), Professional Services S&I","Amazon Web Services, Inc.",+126 locationsRemote,https://www.indeed.com/viewjob?jk=252a44b73f2923c3
Product Software Engineer (Python) (Clean Tech Job) (Remote),UtilityAPI,+1 locationRemote,https://www.indeed.com/viewjob?jk=e928dbd4d65b1601
"Junior Technical Support, Python (Remote)",INTEL 471,Remote,https://www.indeed.com/viewjob?jk=3c71c4a62fdf588c
Data Scientist,Agama Solutions,"Remote in San Francisco Bay Area, CA+1 location",https://www.indeed.com/viewjob?jk=8ab41096cb3c3264
​​​​​​​Data Analyst (Python),Qcentrio,Remote in United States+2 locations,https://www.indeed.com/viewjob?jk=338d8f46611cb799
Remote Software Engineer (C++),Piper Companies,+9 locationsRemote,https://www.indeed.com/viewjob?jk=e1022817f3657326
Entry Level Business Analyst,Agama Solutions,+1 locationRemote,https://www.indeed.com/viewjob?jk=6f6a1c18da31655b
Analytics Engineer- Python Developer-Virtual,"Vizient, Inc.",+1 locationRemote,https://www.indeed.com/viewjob?jk=dbfae4fca5b288fc
MACHINE LEARNING DATA SCIENTIST - PYTHON AND R,InspiHER Tech,Remote,https://www.indeed.com/viewjob?jk=10be5b703cba933a
MUSA - 4450 - Backend Python,MomentoUSA,Remote,https://www.indeed.com/viewjob?jk=763db7e9a0ae34e6
Software Engineer - Apprentice,wepay,"Remote in Palo Alto, CA+4 locations",https://www.indeed.com/viewjob?jk=4d532361313682c1
Python Tester,Qcentrio,"San Diego, CA",https://www.indeed.com/viewjob?jk=6d398775eb7efc43
Developer,The J. M. Smucker Company,Remote,https://www.indeed.com/viewjob?jk=3091125d479dc222
Data Analyst,SunPower,Remote,https://www.indeed.com/viewjob?jk=2f19dda1f8103016
Full Stack Wed Developer - (Python),Maximus Inc,+1 locationRemote,https://www.indeed.com/viewjob?jk=e28a14ae83403be7
Data Mentor (Part-time),Pathrise,Remote,https://www.indeed.com/viewjob?jk=1ca4abef538dab27
Data Scientist - TikTok Account,TikTok,"San Francisco, CA+54 locations",https://www.indeed.com/viewjob?jk=f85c79ed3ea30dad
Remote Machine Learning Engineer,Piper Companies,+2 locationsRemote,https://www.indeed.com/viewjob?jk=aafc11cde007b350
"Software Developer, Junior",Booz Allen Hamilton,"Remote in Charleston, SC+49 locations",https://www.indeed.com/viewjob?jk=0a2e20fef6cdddca
Support Engineer,Amazon.com Services LLC,+52 locationsRemote,https://www.indeed.com/viewjob?jk=88863e31239f9a58
Jr. Python Developer,Kibo Commerce,Remote,https://www.indeed.com/viewjob?jk=33362f03522c7924
Data Scientist,Bayer,Remote in United States+6 locations,https://www.indeed.com/viewjob?jk=4a44fed718a11a64
Associate Python Developer,"JPMorgan Chase Bank, N.A.","Wilmington, DE+42 locations",https://www.indeed.com/viewjob?jk=043daf7df11a7d7f
Python Developer,"Orpine, Inc. Internal",United States,https://www.indeed.com/viewjob?jk=173e13379895bd57
Data Control Specialist,TruBridge,Remote,https://www.indeed.com/viewjob?jk=beeb3670f2037186
"General Hiring: Software Engineer,TikTok Product Engineering",TikTok,"New York, NY 10017 (Midtown area)+3 locations",https://www.indeed.com/viewjob?jk=5f2fbaaa634be72b
"Software Engineer (Open to remote work, except the following...",Nike,"Remote in Atlanta, GA+12 locations",https://www.indeed.com/viewjob?jk=d10df9af539c598b
Seismic and Flood Risk Modeler,Extreme Event Solutions,"Boston, MA+1 location",https://www.indeed.com/viewjob?jk=9853127e6bf90cd7
Data Analyst (Remote),pulseData,"Remote in New York, NY",https://www.indeed.com/viewjob?jk=20d3e043ea23ef18
Associate Software Engineer,Intelligent Medical Objects,+1 locationRemote,https://www.indeed.com/viewjob?jk=26d14ae89bf4f6bb
Data Analyst,KEYENCE,"Itasca, IL 60143",https://www.indeed.com/viewjob?jk=4caf8019f6e4edf7
Entry / Mid Level Python Developer,Rush Order,"Gilroy, CA 95020",https://www.indeed.com/viewjob?jk=819b16509e3abcc5
"Data Analyst, Applied ML",Decide,Remote,https://www.indeed.com/viewjob?jk=fcebc63710f6f1e0
Python Developer,Apexon,"Remote in Chicago, IL 60691+4 locations",https://www.indeed.com/viewjob?jk=1bf6894ae1a26c72
Data Scientist,The J. M. Smucker Company,Remote,https://www.indeed.com/viewjob?jk=5b5da1c5fb5769a9
Python Software Developer,Maximus Inc,+1 locationRemote,https://www.indeed.com/viewjob?jk=e195b117925f41ee
Junior QA /Manual Tester,Agama Solutions,"Temporarily Remote in San Francisco, CA",https://www.indeed.com/viewjob?jk=41675ae72cb9bcbd
Entry Level Software Engineer - C++/JavaScript/Python,Siemens,"Cypress, CA 90630",https://www.indeed.com/viewjob?jk=241f82f23438701c
Data Analyst,The Parking Spot,"Hybrid remote in Chicago, IL 60606",https://www.indeed.com/viewjob?jk=32504ea7a4148ea2
"Software Engineer, Python",Arcadia/Urjanet,"Remote in Washington, DC",https://www.indeed.com/viewjob?jk=ba8c0c88a41fb981
System Development Engineer - Returnship,Amazon.com Services LLC,+126 locationsRemote,https://www.indeed.com/viewjob?jk=5ba6e9f92c7b3e88
Data Scientist,Liberty Mutual Insurance,+1 locationRemote,https://www.indeed.com/viewjob?jk=9ebd58f3f1245e8f
Forest Biometrician,"American Forest Management, Inc.",Remote,https://www.indeed.com/viewjob?jk=525cfc1d14462f34
Software Engineer 1,PayPal,"Remote in New York, NY+25 locations",https://www.indeed.com/viewjob?jk=c3897eebd7821bc0
"Data Scientist, Product",Clubhouse,Remote,https://www.indeed.com/viewjob?jk=333367d0f62ebf4d
Data Scientist,Insurity,Remote,https://www.indeed.com/viewjob?jk=446be1f0d696f2fd
Python Developer,Kaizen Technologies,"Austin, TX",https://www.indeed.com/viewjob?jk=46ea36608a468965
(Junior / Senior) Data Scientist - Sports Analytics,Zelus Analytics,"Remote in Austin, TX",https://www.indeed.com/viewjob?jk=f0dc7447a2cd9b32
Full Stack Engineer,Woven Teams,Remote,https://www.indeed.com/viewjob?jk=a3488d6387e452a9
Data Analyst,WEBTOON Entertainment,"Los Angeles, CA 90036",https://www.indeed.com/viewjob?jk=42bf1f5a48a792c5
"Associate Data & ML Engineer, A2C ProServe","Amazon Web Services, Inc.",+126 locationsRemote,https://www.indeed.com/viewjob?jk=0b330f74a4794322
Software Developer (Python),Zachary Piper Solutions,+11 locationsRemote,https://www.indeed.com/viewjob?jk=8bd80348e461db65
"Analyst, Corporate Strategy",Yelp,Remote,https://www.indeed.com/viewjob?jk=786a70f7a4f082c8
Software Engineer: remote,"GS Engineering, Inc.",Remote,https://www.indeed.com/viewjob?jk=5a49f05f4835e7ad
"CO-OP, DATA SCIENCE",PUMA,"Somerville, MA",https://www.indeed.com/viewjob?jk=16330f4d1e351799
Backend Software Engineer,Piper Companies,+2 locationsRemote,https://www.indeed.com/viewjob?jk=67454ebb097b7371
Data Analyst,S&P Global,+4 locationsRemote,https://www.indeed.com/viewjob?jk=0729eacf6ca810d9
"Database Engineer , RDS Aurora PostgreSQL",Amazon.com Services LLC,+11 locationsRemote,https://www.indeed.com/viewjob?jk=db546e0f6fd7d1aa
Entry Level Software Developer,Grant Street Group,Remote,https://www.indeed.com/viewjob?jk=703c0ab12340d415
Python Engineer/ Developer,Luzon Technologies,Remote,https://www.indeed.com/viewjob?jk=9cd7a36be59cf2b5
Data Scientist,"Grammarly, Inc.",+1 locationRemote,https://www.indeed.com/viewjob?jk=7546ec52008a510e
Data Engineer,Dutch Bros,Remote,https://www.indeed.com/viewjob?jk=54db9dbdd2164f51
Data Scientist (Junior),BDSA,"Remote in Louisville, CO",https://www.indeed.com/viewjob?jk=c1e2abfc99160b71
"Software Engineer, Unity",Osmo,"Remote in Palo Alto, CA",https://www.indeed.com/viewjob?jk=2f2cfa5eb394b7d5
ENRICH86337604 -Dotnet Developer,Net Orbit,"Remote in Boston, MA",https://www.indeed.com/viewjob?jk=96b2117f78fb33ca
Staff Scientist,California Institute of Technology,"Pasadena, CA 91125 (Pasadena area)",https://www.indeed.com/viewjob?jk=72308f70edfd2c2b
Data Scientist (Remote),Yelp,Remote,https://www.indeed.com/viewjob?jk=0072004f2d3180a4
Python Developer,Equifax,"Alpharetta, GA 30005",https://www.indeed.com/viewjob?jk=4ab37b94cbbf5590
Entry Level Software Engineer,BOEING,"Remote in Fairfax, VA+30 locations",https://www.indeed.com/viewjob?jk=cecfdaf4a86789a8
Data Analyst (Remote),Foot Locker,"Remote in New York, NY 10120",https://www.indeed.com/viewjob?jk=4262b72533308099
Junior AI/ML Software Developer,Paradyme Management,"Remote in Washington, DC",https://www.indeed.com/viewjob?jk=3fa5b2fba5a53a83
Business Intelligence Analyst,TikTok,"New York, NY 10017 (Midtown area)+1 location",https://www.indeed.com/viewjob?jk=21de06cc2dfab1dd
Software Engineer-API’s (NodeJS & Python),Qcentrio,"Irving, TX+6 locations",https://www.indeed.com/viewjob?jk=5b84be6f21c55c77
MUSA - 4347 - Python Developer,MomentoUSA,+5 locationsRemote,https://www.indeed.com/viewjob?jk=50469aa01351871d
(Junior / Senior) Machine Learning (ML) Engineer - Sports An...,Zelus Analytics,"Remote in Austin, TX",https://www.indeed.com/viewjob?jk=aed83cca705bdf76
"Incident Management Engineer (E2M), AWS Support (E2M)","Amazon Web Services, Inc.",Remote,https://www.indeed.com/viewjob?jk=935387a4db15bef3
PYTHON WEB DEVELOPER,Capgemini,"New York, NY+10 locations",https://www.indeed.com/viewjob?jk=dd4d6aa7984e8f20
Software Engineer (Python),Sure,Remote,https://www.indeed.com/viewjob?jk=e8b9807be9d1933e
Junior Software Engineer,Xometry Inc,+7 locationsRemote,https://www.indeed.com/viewjob?jk=e40d2e8113063ace
Python Developer,Swan Software Solutions,"Carmel, IN",https://www.indeed.com/viewjob?jk=32eaa9e1e80e8c5d
Data Science Associate (Remote),pulseData,"Remote in New York, NY",https://www.indeed.com/viewjob?jk=93ba85428775f72d
Live Game Designer,Microsoft,"Redmond, WA 98052 (Overlake area)",https://www.indeed.com/viewjob?jk=cbe268b0a17595c8
"Software Engineer, Backend",Syndio,+1 locationRemote,https://www.indeed.com/viewjob?jk=b508bc3d8a5f9d31
Software Development Engineer - I,Zonar Systems,"Remote in Seattle, WA 98188+2 locations",https://www.indeed.com/viewjob?jk=cd96a11ae2432c08
Python Developer,University of Texas at Austin,"Austin, TX 78701 (Downtown area)+3 locations",https://www.indeed.com/viewjob?jk=4377f8a569003e82
"SDEII - Amazon Scout, Perception - Amazon Scout",Amazon.com Services LLC,"Remote in Sunnyvale, CA",https://www.indeed.com/viewjob?jk=8c0f51f2d730ba7b
Python Developer,Career Soft Solutions,"Seattle, WA 98105 (Ravenna - U District area)+3 locations",https://www.indeed.com/viewjob?jk=fcac1e0e159f3427
Data Engineer,Maximo Global Tech,Remote,https://www.indeed.com/viewjob?jk=6d21a0baa7f7814a
Python Developer with Embedded,Qcentrio,"San Diego, CA+3 locations",https://www.indeed.com/viewjob?jk=fdb0d5688408b1f6
